Link Name,Center of Mass X,Center of Mass Y,Center of Mass Z,Center of Mass Roll,Center of Mass Pitch,Center of Mass Yaw,Mass,Moment Ixx,Moment Ixy,Moment Ixz,Moment Iyy,Moment Iyz,Moment Izz,Visual X,Visual Y,Visual Z,Visual Roll,Visual Pitch,Visual Yaw,Mesh Filename,Color Red,Color Green,Color Blue,Color Alpha,Collision X,Collision Y,Collision Z,Collision Roll,Collision Pitch,Collision Yaw,Collision Mesh Filename,Material Name,SW Components,Coordinate System,Axis Name,Joint Name,Joint Type,Joint Origin X,Joint Origin Y,Joint Origin Z,Joint Origin Roll,Joint Origin Pitch,Joint Origin Yaw,Parent,Joint Axis X,Joint Axis Y,Joint Axis Z,Limit Effort,Limit Velocity,Limit Lower,Limit Upper,Calibration rising,Calibration falling,Dynamics Damping,Dynamics Friction,Safety Soft Upper,Safety Soft Lower,Safety K Position,Safety K Velocity
base_link,-0.0322570280091221,-9.9226840282185E-06,-0.085386375932452,0,0,0,130.977272652316,5.69281451394673,-0.000140709311645443,-0.0146700585214034,8.26009225143892,-5.97497516925949E-05,12.8360190824322,0,0,0,0,0,0,package://zhuti123/meshes/base_link.STL,1,1,1,1,0,0,0,0,0,0,package://zhuti123/meshes/base_link.STL,,躯体-1;太阳能板-左-5;太阳能板-后-3;太阳能板-右-2;天线-4;天线-3;前悬架-5;底盘电机-4;底盘电机（后）-2;后悬架-3;底盘电机-1;底盘电机（后）-1;底盘电机-2;底盘电机-3;后悬架-4;前悬架-6;摄像头装配体-1/外壳-1;摄像头装配体-1/摄像头-1;摄像头装配体-2/摄像头-1;摄像头装配体-2/外壳-1,主体,,,,0,0,0,0,0,0,,0,0,0,,,,,,,,,,,,
zuo_lun_1,-1.29287425210123E-09,0.0199999962997603,-1.39896449979915E-09,0,0,0,6.11378487827323,0.137045301992294,2.08792131229773E-09,-3.55514619479469E-12,0.26245433282269,-1.93428098711756E-09,0.137045301991707,0,0,0,0,0,0,package://zhuti123/meshes/zuo_lun_1.STL,1,1,1,1,0,0,0,0,0,0,package://zhuti123/meshes/zuo_lun_1.STL,,轮胎（镍基合金）-2,左轮1,一轮,zuo_lun_1_joint,revolute,0.57481,-0.495,-0.4418,0,0,0,base_link,0,1,0,100,1,-3.14,3.14,,,,,,,,
zuo_lun_2,7.16959913660276E-09,0.0200000006468875,-4.61490401448827E-09,0,0,0,6.11378487827316,0.137045302043498,6.8939559220234E-09,6.52082225022221E-11,0.262454332958843,1.07175020316874E-08,0.137045302102842,0,0,0,0,0,0,package://zhuti123/meshes/zuo_lun_2.STL,1,1,1,1,0,0,0,0,0,0,package://zhuti123/meshes/zuo_lun_2.STL,,轮胎（镍基合金）-3,左轮2,二轮,zuo_lun_2_joint,revolute,-0.12188,-0.495,-0.45657,0,0,0,base_link,0,1,0,100,1,-3.14,3.14,,,,,,,,
zuo_lun_3,2.35092034728268E-09,0.0199999958282016,-4.15548129240051E-09,0,0,0,6.11378487827303,0.137045302018873,6.22303297748931E-09,1.93159325340142E-11,0.262454332860601,3.51333496323436E-09,0.137045301995723,0,0,0,0,0,0,package://zhuti123/meshes/zuo_lun_3.STL,1,1,1,1,0,0,0,0,0,0,package://zhuti123/meshes/zuo_lun_3.STL,,轮胎（镍基合金）-4,左轮3,三轮,zuo_lun_3_joint,revolute,-0.74106,-0.495,-0.42481,0,0,0,base_link,0,0,0,100,1,-3.14,3.14,,,,,,,,
you_lun_1,-1.29288046935017E-09,-0.0200000037006651,-1.39896449979915E-09,0,0,0,6.11378487827309,0.137045301992291,2.08792161863905E-09,-3.55719620426242E-12,0.262454332822684,-1.93428109727251E-09,0.137045301991702,0,0,0,0,0,0,package://zhuti123/meshes/you_lun_1.STL,1,1,1,1,0,0,0,0,0,0,package://zhuti123/meshes/you_lun_1.STL,,轮胎（镍基合金）-6,右轮1,一轮,you_lun_1_joint,revolute,0.57481,0.495,-0.4418,0,0,0,base_link,0,1,0,100,1,-3.14,3.14,,,,,,,,
you_lun_2,-0.0199999993530962,-7.16751413776251E-09,-4.61348914626569E-09,0,0,0,6.11378487827308,0.262454332958841,-6.8939555949196E-09,1.07175022476605E-08,0.137045302043498,-6.52065615044939E-11,0.137045302102839,0,0,0,0,0,0,package://zhuti123/meshes/you_lun_2.STL,1,1,1,1,0,0,0,0,0,0,package://zhuti123/meshes/you_lun_2.STL,,轮胎（镍基合金）-5,右轮2,二轮,you_lun_2_joint,revolute,-0.12188,0.495,-0.45657,0,0,1.5708,base_link,1,0,0,100,1,-3.14,3.14,,,,,,,,
you_lun_3,2.35644304069638E-09,-0.0200000041717963,-4.15999945602152E-09,0,0,0,6.11378487827309,0.137045302018875,6.22303332053088E-09,1.93173684513714E-11,0.262454332860604,3.51333482532384E-09,0.137045301995724,0,0,0,0,0,0,package://zhuti123/meshes/you_lun_3.STL,1,1,1,1,0,0,0,0,0,0,package://zhuti123/meshes/you_lun_3.STL,,轮胎（镍基合金）-1,右轮3,三轮,you_lun_3_joint,revolute,-0.74106,0.495,-0.42481,0,0,0,base_link,0,1,0,100,1,-3.14,3.14,,,,,,,,
zuo_ji_1,0.0712579060357843,-0.00181709808387254,0.0103212192333952,0,0,0,4.04835520371715,0.0125559611177323,-7.9441514692094E-05,0.00077259296793957,0.0209616297711477,-0.000246952370399973,0.0223186320834498,0,0,0,0,0,0,package://zhuti123/meshes/zuo_ji_1.STL,1,1,1,1,0,0,0,0,0,0,package://zhuti123/meshes/zuo_ji_1.STL,,肩2-2-1;肩2-3,左臂1,一轮,zuo_ji_1_joint,revolute,0.37583,-0.16985,-0.095857,0,0,0,base_link,0,1,0,100,1,-3.14,3.14,,,,,,,,
zuo_ji_2,0.168867211211781,0.00786409131129417,0.0527174898889307,0,0,0,0.644887534029003,0.00154168926977284,-0.000580041783297904,-0.00393848378157382,0.0140596439150928,-0.000196820251836904,0.0129304363414161,0,0,0,0,0,0,package://zhuti123/meshes/zuo_ji_2.STL,1,1,1,1,0,0,0,0,0,0,package://zhuti123/meshes/zuo_ji_2.STL,,大臂-2,左臂2,左臂22,zuo_ji_2_joint,revolute,0.12719,-0.018461,0.10365,0,0,0,zuo_ji_1,-0.099531,0.97994,0.17264,100,1,-3.14,3.14,,,,,,,,
zuo_ji_3,0.169809663949997,0.00852904954795886,0.0494878372712284,0,0,0,0.644887534028992,0.00140042146322262,-0.0006332731711838,-0.0037177509992526,0.014054821721745,-0.000200136577191735,0.0130765263413139,0,0,0,0,0,0,package://zhuti123/meshes/zuo_ji_3.STL,1,1,1,1,0,0,0,0,0,0,package://zhuti123/meshes/zuo_ji_3.STL,,大臂-5,左臂3,左臂33,zuo_ji_3_Joint,revolute,0.34072,-0.05306,0.09215,0,0,0,zuo_ji_2,0.099531,-0.97994,-0.17264,100,1,-3.14,3.14,,,,,,,,
zuo_ji_4,-0.00104184955591791,0.0299613477295049,0.0117905677677319,0,0,0,0.180319902458705,0.000147002209521004,-3.28471752230902E-06,-1.82678965994389E-06,8.8885370769137E-05,-4.0168385802763E-05,0.000120749789083406,0,0,0,0,0,0,package://zhuti123/meshes/zuo_ji_4.STL,1,1,1,1,0,0,0,0,0,0,package://zhuti123/meshes/zuo_ji_4.STL,,手腕-3,左臂4,左臂44,zuo_ji_4_joint,revolute,0.33364,0.056155,0.1053,0,0,0,zuo_ji_3,0.099531,-0.97994,-0.17264,100,1,-3.14,3.14,,,,,,,,
zuo_ji_5,0.0396312988875107,0.0431933397881137,0.164325345578483,0,0,0,0.112753143279034,0.00107205395794618,4.42176392196505E-05,-0.000247058844552682,0.00107822640092586,0.000142614178135913,0.000168393668115361,0,0,0,0,0,0,package://zhuti123/meshes/zuo_ji_5.STL,1,1,1,1,0,0,0,0,0,0,package://zhuti123/meshes/zuo_ji_5.STL,,盖关铁围山-2-2,左臂4,左臂55,zuo_ji_5_joint,revolute,0,0,0,0,0,0,zuo_ji_4,-0.31007,0.13431,-0.94118,100,1,-3.14,3.14,,,,,,,,
zuo_ji_6,0.0831547370838044,-0.0287120386134951,0.215300574456013,0,0,0,0.233972072865038,0.000495991589769857,3.00102093243764E-05,-0.000106541498348339,0.000440492258228988,2.85898007176427E-05,0.00020694815623173,0,0,0,0,0,0,package://zhuti123/meshes/zuo_ji_6.STL,1,1,1,1,0,0,0,0,0,0,package://zhuti123/meshes/zuo_ji_6.STL,,盖关铁围山-3-2;摄像头-右手臂上-1;盖关铁围山-1-2,左臂6,左臂66,zuo_ji_6_joint,prismatic,0.056895,0.038122,0.20451,0,0,0,zuo_ji_5,-0.31007,0.13431,-0.94118,100,1,-0.5,0.5,,,,,,,,
you_bi_1,0.0712579686838084,0.000634154178822399,0.0104607496667422,0,0,0,4.04835516610495,0.0125602671695415,7.36495128620884E-05,0.00077160799070579,0.0209190384670695,8.71161612906531E-05,0.022356917302915,0,0,0,0,0,0,package://zhuti123/meshes/you_bi_1.STL,1,1,1,1,0,0,0,0,0,0,package://zhuti123/meshes/you_bi_1.STL,,肩2-2-2;肩2-4,右臂1,右臂11,you_bi_1_joint,revolute,0.37583,0.16995,-0.095869,0,0,0,base_link,-1,0,0,0,0,-3.14,3.14,,,,,,,,
you_bi_2,0.160900524454561,0.0121064775006348,0.072949072151749,0,0,0,0.644887534029013,0.00270497556927938,-0.000858333289278829,-0.00519486423491081,0.014019486194705,-0.000386105986481522,0.0118073077622976,0,0,0,0,0,0,package://zhuti123/meshes/you_bi_2.STL,1,1,1,1,0,0,0,0,0,0,package://zhuti123/meshes/you_bi_2.STL,,大臂-4,右臂2,右臂22,you_bi_2_joint,revolute,0.12728,0.0062527,0.10482,0,0,0,you_bi_1,0.047664,-0.99704,0.060334,100,1,-3.14,3.14,,,,,,,,
you_bi_3,0.164170098763567,0.0118008084892178,0.0653148703261746,0,0,0,0.644887534029021,0.0022345976952506,-0.00085364242009221,-0.00474575023067659,0.0140227203032959,-0.00033636737720841,0.0122744515277358,0,0,0,0,0,0,package://zhuti123/meshes/you_bi_3.STL,1,1,1,1,0,0,0,0,0,0,package://zhuti123/meshes/you_bi_3.STL,,大臂-3,右臂3,右臂33,you_bi_3_joint,revolute,0.31465,0.093725,0.14005,0,0,0,you_bi_2,0.047664,-0.99704,0.060334,100,1,-3.14,3.14,,,,,,,,
you_bi_4,0.00704364433856774,-0.0313744807521612,-0.00195181319975468,0,0,0,0.180320434315729,0.000134150573366436,3.08277037234596E-05,6.07309147243841E-06,7.82511562477194E-05,-1.49665746339121E-05,0.000144235853634281,0,0,0,0,0,0,package://zhuti123/meshes/you_bi_4.STL,1,1,1,1,0,0,0,0,0,0,package://zhuti123/meshes/you_bi_4.STL,,手腕-4,右臂4,右臂44,you_bi_4_joint,revolute,0.32832,-0.016419,0.13228,0,0,0,you_bi_3,-0.047664,0.99704,-0.060334,100,1,-3.14,3.14,,,,,,,,
you_bi_5,0.00311794836099333,-0.000979271652107983,-0.00491400013482313,0,0,0,0.018268615867691,5.70098278516731E-06,2.95388732011407E-07,2.06584278632325E-06,7.33765822326541E-06,-5.53209175029857E-07,4.46978138411014E-06,0,0,0,0,0,0,package://zhuti123/meshes/you_bi_5.STL,1,1,1,1,0,0,0,0,0,0,package://zhuti123/meshes/you_bi_5.STL,,钩子-1,右臂5,右臂55,you_bi_5_joint,revolute,0.044247,-0.066566,-0.024498,0,0,0,you_bi_4,0.82107,0.0047097,-0.57081,100,1,-3.14,3.14,,,,,,,,
